pepper,chocolate,olive oil,french wine,salmon,rice,light mayo,fresh bread,magazines
red wine,french wine,vegetables mix,rice,clothes accessories,hot dogs,green tea
burgers,dessert wine,spaghetti,chicken,cake,protein bar,green tea
french wine,cake,fresh bread
burgers,frozen vegetables,flax seed,eggs
red wine
pepper,mineral water,energy bar,green grapes
milk,eggs,cake,chocolate,french fries,green tea
french fries
almonds
burgers,mineral water,green tea
milk,pancakes
pancakes,eggs,salt,tomato juice
mineral water
ham,spaghetti,mineral water,olive oil
salt,tomato juice,fresh bread
spaghetti,mushroom cream sauce
spaghetti,mineral water,eggs,pet food
frozen vegetables,spaghetti
energy drink
muffins
turkey,milk
cookies
chocolate
spaghetti,mineral water,eggs,cooking oil,chocolate,escalope
shrimp,frozen vegetables,pepper,spaghetti,green tea
burgers,fresh tuna,red wine,mineral water,french fries,hand protein bar,low fat yogurt
pancakes,eggs,energy drink,fresh bread
strong cheese,salmon,green tea,french fries,frozen smoothie,hot dogs
grated cheese,shrimp,pasta,tomatoes,milk,frozen smoothie,sandwich
herb & pepper,whole wheat pasta,olive oil,pancakes,eggs
spaghetti,antioxydant juice
chocolate,milk,almonds,eggs,strawberries,white wine
french fries,strawberries
mineral water
eggs
escalope
cake
whole wheat pasta,antioxydant juice,body spray,green tea
mineral water,oil,frozen smoothie
french fries,champagne
chocolate,french fries
frozen vegetables,spaghetti,eggs
hot dogs
chocolate,cookies
pancakes
shrimp,butter,chicken,salmon
chocolate,cookies,babies food
pepper,spaghetti,cake,chocolate,french fries,fresh bread
avocado,oil,cereals,french fries